item,itemLabel,position,positionLabel,startDate,endDate,source,sourceDate,psid
Q106226059,Abir Kara,Q110062385,Deputy Minister in the Prime Minister's Office,2021-06-28,,https://m.knesset.gov.il/en/mk/government/pages/governments.aspx?govId=36,2022-07-17,Q106226059-86D13A76-B31E-43B4-BB98-4C98D2EC5ECF
Q1396120,Yair Lapid,Q2564757,Minister of Strategic Affairs,2021-06-13,,https://m.knesset.gov.il/en/mk/government/pages/governments.aspx?govId=36,2021-12-11,Q1396120-6CFEBA2D-1B2B-4066-B675-F845B9C7CA00
Q1396120,Yair Lapid,Q208487,Prime Minister,2022-07-01,,https://m.knesset.gov.il/en/mk/government/pages/governments.aspx?govId=36,2022-07-16,Q1396120-7102588e-41cc-4438-f2df-2534daa363e5
Q1396120,Yair Lapid,Q15710855,Minister of Foreign Affairs,2021-06-13,,https://m.knesset.gov.il/en/mk/government/pages/governments.aspx?govId=36,2022-07-17,Q1396120-e962e0c0-4699-3e01-e639-2b9d096a998a
Q1572575,Hamad Amar,Q110062463,Minister in the Ministry of Finance,2021-06-13,,https://m.knesset.gov.il/en/mk/government/pages/governments.aspx?govId=36,2022-07-17,Q1572575-DFC21EE6-5846-4A11-AE14-A7D3458642EB
Q19634043,Yifat Shasha-Biton,Q20021291,Minister of Education,2021-06-13,,https://m.knesset.gov.il/en/mk/government/pages/governments.aspx?govId=36,2021-12-11,Q19634043-E8C438A0-0908-4B27-9BF3-DB3866E90816
Q20071724,Orit Farkash-Hacohen,Q20021301,Minister of Science and Technology,2021-06-13,,https://m.knesset.gov.il/en/mk/government/pages/governments.aspx?govId=36,2021-12-11,Q20071724-42E6DA31-E299-4406-8163-D776C6B376F7
Q20898016,Oded Forer,Q15731462,Minister of Agriculture and Rural Development,2021-06-13,,https://m.knesset.gov.il/en/mk/government/pages/governments.aspx?govId=36,2022-07-17,Q20898016-0EC5C10E-AF8E-4FAF-BECF-51C659411DCB
Q20898016,Oded Forer,Q110061168,"Minister of the Development of the Periphery, Negev, and Galil",2021-06-13,,https://m.knesset.gov.il/en/mk/government/pages/governments.aspx?govId=36,2021-12-11,Q20898016-79ACC075-4816-47C5-86BA-6C8C092BFA39
Q2468984,Yoel Razvozov,Q15722454,Minister of Tourism,2021-06-13,,https://m.knesset.gov.il/en/mk/government/pages/governments.aspx?govId=36,2022-07-17,Q2468984-16f7348a-45fc-020e-cc3a-efaeb10523f3
Q2583898,Zeev Elkin,Q110062245,Minister in the PMO and Liaison Between the Knesset and Government,2021-06-13,,https://m.knesset.gov.il/en/mk/government/pages/governments.aspx?govId=36,2021-12-11,Q2583898-77515F13-FC37-4A7D-8315-21FF179D9C9B
Q2583898,Zeev Elkin,Q20021264,Minister of Construction and Housing,2021-06-13,,https://m.knesset.gov.il/en/mk/government/pages/governments.aspx?govId=36,2021-12-11,Q2583898-7D1EC404-7FEB-4BBB-978C-3C8703CACA35
Q2583898,Zeev Elkin,Q110062214,Minister of Jerusalem Affairs and Heritage,2021-06-13,,https://m.knesset.gov.il/en/mk/government/pages/governments.aspx?govId=36,2021-12-11,Q2583898-CF329242-531B-4EE0-8100-A9B0741C1DFB
Q2612721,Nachman Shai,Q2566297,Minister of Diaspora Affairs,2021-06-13,,https://m.knesset.gov.il/en/mk/government/pages/governments.aspx?govId=36,2022-07-17,Q2612721-791CB84E-4F35-429F-9AB1-FF05C91C878A
Q2783222,Orna Barbivay,Q20021267,Minister of the Economy and Industry,2021-06-13,,https://m.knesset.gov.il/en/mk/government/pages/governments.aspx?govId=36,2021-12-11,Q2783222-77A3775B-7CCF-4451-BBC4-6E76E6904C6D
Q2791686,Ayelet Shaked,Q2433405,Minister of the Interior,2021-06-13,,https://m.knesset.gov.il/en/mk/government/pages/governments.aspx?govId=36,2022-07-16,Q2791686-5CBF9C47-D6B9-4C59-B52A-CBB617D9704E
Q2916662,Nitzan Horowitz,Q15722942,Minister of Health,2021-06-13,,https://m.knesset.gov.il/en/mk/government/pages/governments.aspx?govId=36,2022-07-17,Q2916662-C72275CE-7C2B-4160-A10A-724C768E99BA
Q3593286,Omer Barlev,Q110061184,Minister for Community Strengthening and Advancement,2021-06-13,,https://m.knesset.gov.il/en/mk/government/pages/governments.aspx?govId=36,2021-12-11,Q3593286-6A06013B-9ACB-45EB-B55F-4EC035414A99
Q3593286,Omer Barlev,Q20021305,Minister of Public Security,2021-06-13,,https://m.knesset.gov.il/en/mk/government/pages/governments.aspx?govId=36,2021-12-11,Q3593286-6BC96087-8C7B-4C37-83C0-95F70A50CA36
Q3594030,Esawi   Frej,Q2082286,Minister of Regional Cooperation,2021-06-13,,https://m.knesset.gov.il/en/mk/government/pages/governments.aspx?govId=36,2021-12-11,Q3594030-D247F2D8-11F1-40A8-B807-6AB90CC92230
Q3663042,Karine Elharrar,Q15732343,Minister of Energy,2021-06-13,,https://m.knesset.gov.il/en/mk/government/pages/governments.aspx?govId=36,2021-12-11,Q3663042-C02DF7D6-6F73-4678-86DA-8320DD83E414
Q3663042,Karine Elharrar,Q110061148,Minister of Water Resources,2021-06-13,,https://m.knesset.gov.il/en/mk/government/pages/governments.aspx?govId=36,2021-12-11,Q3663042-D98F8FD1-ABF7-4F06-8235-763E2B712A8D
Q3663047,Penina Tamanu,Q88839002,Minister of Immigration and Absorption,2021-06-13,,https://m.knesset.gov.il/en/mk/government/pages/governments.aspx?govId=36,2021-12-11,Q3663047-49104BA0-8DE7-4179-83D0-99F80C2308C6
Q3663051,Meir Cohen,Q890855,"Minister of Labor, Social Affairs and Social Services",2021-06-13,,https://m.knesset.gov.il/en/mk/government/pages/governments.aspx?govId=36,2021-12-11,Q3663051-D18D5E40-E6E4-4192-81D5-99C5605E6F8E
Q3818052,Tamar Zandberg,Q20021283,Minister of Environmental Protection,2021-06-13,,https://m.knesset.gov.il/en/mk/government/pages/governments.aspx?govId=36,2022-07-17,Q3818052-DB253A4B-20EF-4471-81B5-628674008BB5
Q391262,Merav Michaeli,Q15731446,Minister of Transportation and Road Safety,2021-06-13,,https://m.knesset.gov.il/en/mk/government/pages/governments.aspx?govId=36,2021-12-11,Q391262-F5F726C4-2683-4870-9243-EAF8229EBC4C
Q39318,Naftali Bennett,Q110061158,Minister of Community Affairs,2021-06-13,,https://m.knesset.gov.il/en/mk/government/pages/governments.aspx?govId=36,2022-07-17,Q39318-A974D0E0-E889-4267-88FC-606B56CCC540
Q39318,Naftali Bennett,Q95965310,Alternate Prime Minister,2022-07-01,,https://m.knesset.gov.il/en/mk/government/pages/governments.aspx?govId=36,2022-07-16,Q39318-DEE5564D-F9C5-4855-AED8-A45EF103A5E5
Q4358424,Elazar Stern,Q2082321,Minister of Intelligence,2021-06-13,,https://m.knesset.gov.il/en/mk/government/pages/governments.aspx?govId=36,2022-07-17,Q4358424-C92A03ED-D051-4F3E-BB26-08224B1F9358
Q557436,Benjamin Gantz,Q7040859,Deputy Prime Minister,2021-06-13,,https://m.knesset.gov.il/en/mk/government/pages/governments.aspx?govId=36,2021-12-11,Q557436-DB191564-8637-494C-9E25-697D309114A6
Q557436,Benjamin Gantz,Q13222899,Minister of Defense,2020-05-17,,https://m.knesset.gov.il/en/mk/government/pages/governments.aspx?govId=36,2021-12-11,Q557436-e6e9f110-444b-753a-8419-613f1cf83d35
Q569975,Yair Golan,Q110062375,Deputy Minister of the Economy and Industry,2021-07-26,,https://m.knesset.gov.il/en/mk/government/pages/governments.aspx?govId=36,2022-07-17,Q569975-2316C103-1F0B-444F-BE51-BBE53C51BF05
Q58311,Avigdor Liberman,Q15722817,Minister of Finance,2021-06-13,,https://m.knesset.gov.il/en/mk/government/pages/governments.aspx?govId=36,2021-12-11,Q58311-7f108269-45a4-3041-f8c1-1405d003ddf8
Q59519064,Idan Roll,Q15735049,Deputy Minister of Foreign Affairs,2021-06-28,,https://m.knesset.gov.il/en/mk/government/pages/governments.aspx?govId=36,2022-07-17,Q59519064-36073F78-2730-438A-990F-B28B448A97C1
Q60951122,Matan Kahana,Q113127887,Deputy Minister of Religious Services,2022-05-16,,https://m.knesset.gov.il/en/mk/government/pages/governments.aspx?govId=36,2022-07-17,Q60951122-B3382DCF-62F1-494E-A39E-DA547FE186BE
Q6810271,Meir Itzhak Halevy,Q112939065,Deputy Minister of Education,2021-12-13,,https://m.knesset.gov.il/en/mk/government/pages/governments.aspx?govId=36,2022-07-17,Q6810271-881b86b7-4341-a635-688f-e670a4f691f6
Q6832388,Yoav Segalovitz,Q110062315,Deputy Minister of Public Security,2021-06-28,,https://m.knesset.gov.il/en/mk/government/pages/governments.aspx?govId=36,2021-12-11,Q6832388-1057E671-458F-4D9F-9248-FDAC385A723A
Q6940081,Yehiel Tropper,Q20021272,Minister of Culture and Sport,2021-06-13,,https://m.knesset.gov.il/en/mk/government/pages/governments.aspx?govId=36,2021-12-11,Q6940081-64314C3A-3ED7-4A35-99CA-40B0B573B9AC
Q6965078,Alon Schuster,Q15728439,Deputy Minister of Defense,2021-06-28,,https://m.knesset.gov.il/en/mk/government/pages/governments.aspx?govId=36,2022-07-17,Q6965078-116B964F-DBCA-45BC-81A1-4AA0D29BA776
Q7030786,Meirav Cohen,Q19803218,Minister for Social Equality and Pensioners,2021-06-13,,https://m.knesset.gov.il/en/mk/government/pages/governments.aspx?govId=36,2021-12-11,Q7030786-0BDFA101-9011-424A-AADA-3C89272B7832
Q8054214,Yoaz Hendel,Q20021270,Minister of Communications,2021-06-13,,https://m.knesset.gov.il/en/mk/government/pages/governments.aspx?govId=36,2022-07-17,Q8054214-60F36066-D30C-4253-AF55-A7FF841CBC06
Q966349,Gideon Sa`ar,Q742063,Minister of Justice,2021-06-13,,https://m.knesset.gov.il/en/mk/government/pages/governments.aspx?govId=36,2021-12-11,Q966349-A51F49A5-998F-447A-9451-296690CBE8C9
